<?xml version="1.0" encoding="UTF-8"?>
<modification>
    <name>Пароль в письме о регистрации</name>
    <code>password-email</code>
    <version>3.0</version>
    <author>https://ocmod.net</author>
    <link>https://ocmod.net</link>

    <file path="catalog/controller/mail/register.php">
        <operation>
            <search><![CDATA[
            $data['login'] = $this->url->link('account/login', '', true);
            ]]></search>
            <add position="after"><![CDATA[
            $data['your_login'] = $this->language->get('text_ylogin') . ' ' .$args[0]['email'];
            $data['your_password'] = $this->language->get('text_password') . ' ' .$args[0]['password'];
            ]]>
            </add>
        </operation>
    </file>

    <file path="catalog/view/theme/*/template/mail/register.twig">
        <operation>
            <search><![CDATA[
            {{ login }}
            ]]></search>
            <add position="after"><![CDATA[
            
            {{ your_login }}
            {{ your_password }}
            
            ]]>
            </add>
        </operation>
    </file>
    <file path="catalog/language/ru-ru/mail/register.php" error="skip">
        <operation>
            <search><![CDATA[
            <?php
            ]]></search>
            <add position="after"><![CDATA[
            $_['text_ylogin']   = 'Ваш логин:';
            $_['text_password']   = 'Ваш пароль:';
            ]]>
            </add>
        </operation>
    </file>
    <file path="catalog/language/en-gb/mail/register.php" error="skip">
        <operation>
            <search><![CDATA[
            <?php
            ]]></search>
            <add position="after"><![CDATA[
            $_['text_ylogin']   = 'Your login:';
            $_['text_password']   = 'Your password:';
            ]]>
            </add>
        </operation>
    </file>
</modification>
